"","stock","time_id","mean_BAS","imbalance","cluster"
"1","0","4027",0.195962185998612,0.613337555966286,"4"
"2","0","9918",0.0668731016011531,0.297632180454951,"2"
"3","0","10030",0.0596294192495918,0.401598882390422,"2"
"4","0","21148",0.0431918242965459,0.626560387019311,"3"
"5","0","23153",0.0568700086540799,0.641020170415453,"3"
"6","0","23417",0.0645768123570444,0.499284797855292,"1"
"7","0","23642",0.0631561877368925,0.641070455671415,"3"
"8","0","25059",0.0684096535883603,0.531417869045936,"1"
"9","0","25864",0.0631339459640102,0.648582367786424,"3"
"10","0","29554",0.0550034208886834,0.831237550858563,"3"
"11","1","5302",0.0423871457826318,0.612775075021291,"1"
"12","1","8763",0.101925914145517,0.528731815115278,"1"
"13","1","10941",0.0482210315036207,0.576537234739772,"1"
"14","1","11111",0.0213473623877201,0.556407368906464,"1"
"15","1","15633",0.0513749457563889,0.507177112372181,"1"
"16","1","15920",0.0775472707803756,0.499171242378585,"1"
"17","1","18174",0.206381475060785,0.582623503836692,"4"
"18","1","23233",0.162049663420915,0.486784988006144,"4"
"19","1","26999",0.041703392128991,0.533808872444834,"1"
"20","1","29504",0.0543586125598108,0.653543314274298,"3"
"21","2","3404",0.0121449337927233,0.616112287963692,"1"
"22","2","13968",0.0124969698002461,0.548104245787036,"1"
"23","2","14445",0.0196256225116021,0.46145996813342,"1"
"24","2","15965",0.0118845196820143,0.544697482824981,"1"
"25","2","19531",0.0406045893775623,0.588820463508003,"1"
"26","2","19845",0.108749395047221,0.420158477234324,"2"
"27","2","26522",0.00711118372474716,0.277336703458056,"2"
"28","2","26798",0.0168632570009976,0.354014761788434,"2"
"29","2","27956",0.0103001357449994,0.528956510569389,"1"
"30","2","30023",0.0121199285789336,0.439917095751017,"1"
"31","3","6999",0.122173929852715,0.692066886926171,"3"
"32","3","8744",0.0924172183778831,0.526046308819901,"1"
"33","3","13324",0.0616621392886554,0.429662585978949,"2"
"34","3","20271",0.293243511476445,0.38371010608357,"4"
"35","3","25916",0.0799015326411995,0.558069701934464,"1"
"36","3","26903",0.133576098542471,0.466588107711435,"1"
"37","3","28881",0.075814675272138,0.505009763853352,"1"
"38","3","28983",0.072468674663693,0.240420397495872,"2"
"39","3","32126",0.053879533353776,0.46160897626784,"1"
"40","3","32240",0.14384364934139,0.531968719254096,"1"
"41","4","16",0.0556135725658184,0.415220853003642,"2"
"42","4","3223",0.0452864519182564,0.37614289632003,"2"
"43","4","4774",0.0845243079289917,0.686947287727764,"3"
"44","4","4935",0.0530183024246891,0.567747641327844,"1"
"45","4","6256",0.0854952750903253,0.226805671641394,"2"
"46","4","12588",0.0520260767301671,0.347078727850717,"2"
"47","4","18012",0.0489969160668078,0.596091986158018,"1"
"48","4","23823",0.0883464929015592,0.334595228631316,"2"
"49","4","28983",0.0690212008880163,0.586055281313214,"1"
"50","4","31077",0.0332736662629034,0.764909639198287,"3"
"51","5","8353",0.115538541159576,0.662726914878877,"3"
"52","5","10461",0.239855959085588,0.657709100882735,"4"
"53","5","10806",0.32576033646141,0,"2"
"54","5","12535",0.0977469425498461,0.500456233077885,"1"
"55","5","22622",0.0688694193514567,0.382331506437278,"2"
"56","5","22627",0.0703033765659004,0.366936286046831,"2"
"57","5","26955",0.117598113098901,0.497657863567091,"1"
"58","5","28676",0.100469066168457,0.418585264857754,"2"
"59","5","29441",0.0440642889163433,0.528237975403162,"1"
"60","5","31404",0.112536009574373,0.718483721551943,"3"
"61","6","8085",0.176008542841245,0.26535796820962,"2"
"62","6","9427",0.207197377809909,0.485773873080541,"4"
"63","6","12728",0.0737935906943147,0.384859621729353,"2"
"64","6","13350",0.0754579933696674,0.480636842205503,"1"
"65","6","13500",0.0791977017517836,0.658308070398517,"3"
"66","6","13872",0.0779240059836452,0.727658135175453,"3"
"67","6","15693",0.072145778543062,0.521379096325065,"1"
"68","6","24171",0.0784889402067162,0.399522857826808,"2"
"69","6","32452",0.0916515737903058,0.570154021661068,"1"
"70","6","32686",0.0386533659284603,0.543820338294991,"1"
"71","7","229",0.034949240252908,0.487851881844704,"1"
"72","7","4302",0.0473186161927789,0.278563662082978,"2"
"73","7","7743",0.0794237035591912,0.214798722267815,"2"
"74","7","8797",0.0444127454873452,0.650657981635543,"3"
"75","7","9759",0.0562577886153336,0.40321642936736,"2"
"76","7","13513",0.0403571454165083,0.640934613467203,"3"
"77","7","18656",0.200899302693194,0.507730220422466,"4"
"78","7","22385",0.0695980810716308,0.565272128325979,"1"
"79","7","24334",0.0324785411959424,0.39239633081443,"2"
"80","7","31601",0.0725029339465812,0.643131391900919,"3"
"81","8","5658",0.0813287859454324,0.495085081893282,"1"
"82","8","7775",0.0454919575457882,0.451349251709323,"1"
"83","8","13500",0.0502704386278239,0.659635178429476,"3"
"84","8","14389",0.11175696730879,0.543645918498033,"1"
"85","8","19281",0.0706186842250756,0.604650175486456,"1"
"86","8","19385",0.022811548315828,0.610845460086182,"1"
"87","8","22964",0.0343390055151895,0.533790544578357,"1"
"88","8","24179",0.0520383884349421,0.438545444041753,"2"
"89","8","27514",0.0794402362699918,0.466273379244957,"1"
"90","8","29046",0.0641630056228094,0.687269180373877,"3"
"91","9","895",0.0528729076147249,0.529414980191177,"1"
"92","9","13473",0.0388311703764943,0.477594526947122,"1"
"93","9","16438",0.102003171999182,0.546202771207802,"1"
"94","9","17762",0.0835070105211107,0.582212793338686,"1"
"95","9","22750",0.0507599514602489,0.300142659352549,"2"
"96","9","26874",0.126942808346776,0.546828863622585,"1"
"97","9","29219",0.177543916390935,0.301821116573794,"2"
"98","9","29337",0.330805173389408,0.433296423454394,"4"
"99","9","29740",0.051070353024767,0.703594701815104,"3"
"100","9","31060",0.135143601141066,0.660321273906935,"3"
"101","10","7251",0.0182980361092621,0.58244529242204,"1"
"102","10","8652",0.0130988814885227,0.378112332417252,"2"
"103","10","9248",0.0389041411940415,0.446015852168494,"1"
"104","10","9518",0.0159544078701858,0.740889250955465,"3"
"105","10","13436",0.039763832486788,0.609830960267396,"1"
"106","10","14836",0.058948473333728,0.665863379116102,"3"
"107","10","25551",0.0939448967800072,0.623650177182709,"3"
"108","10","27135",0.0445638022339776,0.55463784421729,"1"
"109","10","32299",0.0226687440510897,0.545549243825727,"1"
"110","10","32635",0.0189348002950472,0.510123671335829,"1"
"111","11","14246",0.0329037988070749,0.407081630433766,"2"
"112","11","18012",0.0318207267360871,0.65436121720796,"3"
"113","11","18222",0.104788334468717,0.47773799388116,"1"
"114","11","21139",0.0431196153251312,0.550659920293828,"1"
"115","11","24662",0.131241210610371,0.472180816024104,"1"
"116","11","26430",0.0950084414288288,0.502753476859812,"1"
"117","11","26844",0.0528775235142788,0.669844107830748,"3"
"118","11","28527",0.0307549398893211,0.573385622473026,"1"
"119","11","29672",0.149886439416966,0.526056871417754,"1"
"120","11","31266",0.218075035437587,0.583287765185489,"4"
"121","13","169",0.0232147893360355,0.636454549394416,"3"
"122","13","256",0.0258097789920673,0.679664497703283,"3"
"123","13","2644",0.0219334766511765,0.565687663034849,"1"
"124","13","16271",0.0224211276185784,0.488435424362762,"1"
"125","13","21373",0.0229870270486753,0.563811487874664,"1"
"126","13","21890",0.0338191825345418,0.506993485996765,"1"
"127","13","23819",0.0242741277766207,0.640653906942055,"3"
"128","13","25108",0.0219354491913326,0.464012829778279,"1"
"129","13","26250",0.025477149234223,0.469822457584071,"1"
"130","13","26693",0.030451703777737,0.631819674189561,"3"
"131","14","697",0.0158185271308754,0.463517775496354,"1"
"132","14","2117",0.00942097738179112,0.771340848508686,"3"
"133","14","5118",0.0115565393382038,0.469652492753943,"1"
"134","14","10045",0.0306697513481108,0.638627086300251,"3"
"135","14","13436",0.0318737056757291,0.429519024182718,"2"
"136","14","16357",0.0113564384004418,0.567065715647753,"1"
"137","14","20336",0.0117720792455683,0.425373520779736,"2"
"138","14","21920",0.0423630783545952,0.383321820731371,"2"
"139","14","26607",0.00960825777577474,0.643398706137159,"3"
"140","14","29441",0.00874301158636323,0.439799602315781,"1"
"141","15","6174",0.0822142834373671,0.485104830054784,"1"
"142","15","6850",0.0168226425408969,0.543817195189727,"1"
"143","15","8615",0.0373783743256332,0.380380720867675,"2"
"144","15","14976",0.0397695223936791,0.321005206885203,"2"
"145","15","18088",0.0236401015644292,0.663511141700454,"3"
"146","15","22627",0.0433008191331283,0.463380490247848,"1"
"147","15","24178",0.0335665416302855,0.504378214380757,"1"
"148","15","25019",0.011095194041299,0.560021677193053,"1"
"149","15","26944",0.050314657053267,0.499432391606304,"1"
"150","15","27071",0.030516348380337,0.684071945570224,"3"
"151","16","1273",0.247544521578017,0.601327530825716,"4"
"152","16","5749",0.0315922573486834,0.525688321335066,"1"
"153","16","7200",0.047511727452469,0.21589718022397,"2"
"154","16","15239",0.107680229383165,0.337516383008343,"2"
"155","16","15872",0.0748587252492189,0.270577543142264,"2"
"156","16","15906",0.259602507104828,0.750735375591873,"3"
"157","16","18494",0.0555667142036578,0.640440485329942,"3"
"158","16","25488",0.11276571435191,0.610838811195875,"3"
"159","16","28656",0.18511922745746,0.559882855784463,"4"
"160","16","32704",0.0684923642998498,0.2777535917565,"2"
"161","17","11",0.0390866700784432,0.461798082527865,"1"
"162","17","1269",0.0529891682799032,0.502576018882547,"1"
"163","17","3009",0.0226527233855534,0.524487020608942,"1"
"164","17","11096",0.0587559113549305,0.482930922186998,"1"
"165","17","16948",0.0529270602884393,0.72477807999645,"3"
"166","17","21094",0.0347574097509175,0.44238715789918,"1"
"167","17","22026",0.0479933059168982,0.499533531288891,"1"
"168","17","24457",0.0749629823885944,0.474895819862965,"1"
"169","17","27071",0.017749543253184,0.705376612571305,"3"
"170","17","27994",0.0234845065879874,0.765674824324321,"3"
"171","18","3233",0.105046669675925,0.429583234808041,"2"
"172","18","6108",0.224501901790423,0.306972796429025,"2"
"173","18","6742",0.165380907532393,0.378690103850532,"2"
"174","18","7444",0.118069016191111,0.434285714133438,"2"
"175","18","11325",0.147922958388254,0.633277604056124,"3"
"176","18","15280",0.206811525035713,0.241232703451816,"2"
"177","18","17676",0.10875559179076,0.675513346368522,"3"
"178","18","18629",0.152457661237587,0.570069549277994,"4"
"179","18","26903",0.336733520815039,0.255358478324868,"2"
"180","18","27595",0.275744154354033,0.860793539033279,"3"
"181","19","10745",0.0299254580888567,0.714494553705589,"3"
"182","19","13598",0.0323713947514715,0.223017302881509,"2"
"183","19","14714",0.0287526215362264,0.406987833190867,"2"
"184","19","14797",0.0239572407541192,0.597500864274609,"1"
"185","19","19660",0.219939677545237,0.556238307305214,"4"
"186","19","22392",0.0230155226599822,0.758124455628739,"3"
"187","19","22671",0.0572490793405365,0.660328098766077,"3"
"188","19","23353",0.0536817686054998,0.671730534322635,"3"
"189","19","25640",0.0521834285172224,0.401019886097315,"2"
"190","19","26973",0.0180977906087984,0.669544020383756,"3"
"191","20","4991",0.0808129142908465,0.632933335937062,"3"
"192","20","6489",0.0185537510378425,0.584606735579736,"1"
"193","20","6819",0.018141977453452,0.495967235308141,"1"
"194","20","10604",0.0148043900208483,0.61461849349769,"1"
"195","20","14280",0.0200761079411603,0.566838060737496,"1"
"196","20","15703",0.0292438394662219,0.500655450489805,"1"
"197","20","16745",0.035342691548784,0.275247789700457,"2"
"198","20","17967",0.0182121191933818,0.46235477320638,"1"
"199","20","20914",0.0122663268546991,0.458329527783962,"1"
"200","20","28881",0.0190232655606172,0.604241260397411,"1"
"201","21","1463",0.0479012053827631,0.511587559383242,"1"
"202","21","2178",0.0423602009787725,0.548809339788813,"1"
"203","21","2876",0.0337025850404747,0.490815729649353,"1"
"204","21","3703",0.0329806469662273,0.560120362858546,"1"
"205","21","14004",0.0305218525911521,0.486002556537344,"1"
"206","21","14297",0.0306219078698786,0.605610771570024,"1"
"207","21","20453",0.0287062305243517,0.390488890324126,"2"
"208","21","29740",0.028946347318978,0.566735929773785,"1"
"209","21","29746",0.0264417382227525,0.592201536934188,"1"
"210","21","30896",0.034953413064636,0.542996220863854,"1"
"211","22","2999",0.0452563427628527,0.675285521478913,"3"
"212","22","4746",0.0983647300343258,0.884542557416142,"3"
"213","22","5929",0.0853444446358306,0.710249206068545,"3"
"214","22","8918",0.0411648949983674,0.607680608328438,"1"
"215","22","9266",0.1092820210285,0.429468514453353,"2"
"216","22","11374",0.0563622523081664,0.372570984123897,"2"
"217","22","16089",0.18265804711792,0.641833807449898,"4"
"218","22","19528",0.0227485606617064,0.381801603628545,"2"
"219","22","22304",0.236511436839556,0.625562627159248,"4"
"220","22","28841",0.0954918158257326,0.550493306584198,"1"
"221","23","1289",0.0512809085808032,0.512490350610691,"1"
"222","23","1464",0.0393595044826559,0.613996833705663,"1"
"223","23","1962",0.027047048224968,0.555102017929911,"1"
"224","23","9289",0.0383431224043861,0.547163083073297,"1"
"225","23","9890",0.0866147383282014,0.509562102353453,"1"
"226","23","13745",0.0489393036512034,0.556266387328796,"1"
"227","23","15163",0.0314697470284935,0.705875340589392,"3"
"228","23","20234",0.0436198232518255,0.626244607564759,"3"
"229","23","26042",0.0664998115179015,0.667418637914399,"3"
"230","23","31914",0.10774326130021,0.416579314359763,"2"
"231","26","4140",0.0228993347823579,0.598371155021991,"1"
"232","26","5795",0.0230183617525278,0.601257308790767,"1"
"233","26","8222",0.0351634027755386,0.426625236922872,"2"
"234","26","9970",0.0945833523109438,0.617220412289427,"3"
"235","26","15633",0.0137197268109376,0.483685131303596,"1"
"236","26","15845",0.040876644672725,0.642315583196924,"3"
"237","26","19240",0.0201013507476311,0.531594355282177,"1"
"238","26","19542",0.07501038411078,0.283654037682995,"2"
"239","26","21911",0.0352968470821002,0.567575008568617,"1"
"240","26","22732",0.0455076561576857,0.479303328599207,"1"
"241","27","109",0.101719542896229,0.611864498682751,"3"
"242","27","627",0.0963720226932319,0.447083894606121,"1"
"243","27","8636",0.136390733497619,0.612310324469492,"3"
"244","27","12420",0.342344650709947,0.472931263018293,"4"
"245","27","13735",0.57778719929915,0.595047275480455,"4"
"246","27","17157",0.205518607737469,0.352097101050855,"2"
"247","27","26841",0.0478322064127353,0.367191307471135,"2"
"248","27","27457",0.290431883753345,0.659144187223869,"4"
"249","27","30232",0.182039217517135,0.67670591122111,"3"
"250","27","30327",0.214502555525864,0.281298629442273,"2"
"251","28","207",0.0955529751670863,0.556868676313163,"1"
"252","28","4869",0.0382669680337711,0.355225434420851,"2"
"253","28","7180",0.032726862248215,0.563527369481277,"1"
"254","28","8676",0.040529983295634,0.638717684089878,"3"
"255","28","9381",0.0434378344638586,0.384204551884357,"2"
"256","28","12234",0.02117336352716,0.345173266684976,"2"
"257","28","15466",0.0329242848424155,0.511405046214001,"1"
"258","28","20872",0.0506612390990692,0.532585799906821,"1"
"259","28","23903",0.0422171862376927,0.462564200052248,"1"
"260","28","28401",0.0130009274064447,0.537139604731191,"1"
"261","29","1789",0.00430777410305813,0.426108737804352,"2"
"262","29","9198",0.00404467854614818,0.664094254808567,"3"
"263","29","14813",0.00332571550679316,0.683189681392473,"3"
"264","29","17179",0.00301388717144242,0.499466477559333,"1"
"265","29","19072",0.00375063981074042,0.519311985250377,"1"
"266","29","22752",0.00162299786019091,0.620118731856341,"1"
"267","29","25863",0.00665048257101548,0.526532950193813,"1"
"268","29","28521",0.00463858197901783,0.604526813060539,"1"
"269","29","29672",0.00470552921933926,0.475813510356143,"1"
"270","29","32547",0.00196668143739942,0.752928452768997,"3"
"271","30","2219",0.0221461816615961,0.560893319241294,"1"
"272","30","3044",0.0371839527036105,0.542254303873703,"1"
"273","30","5580",0.129610537534137,0.494146829357487,"1"
"274","30","8776",0.06535039395112,0.57943631612404,"1"
"275","30","10929",0.0329587806894431,0.369566717085152,"2"
"276","30","14169",0.226505410317929,0.27462553597938,"2"
"277","30","16367",0.068362341667278,0.681579045943255,"3"
"278","30","17428",0.0671024153101662,0.306188795050243,"2"
"279","30","17837",0.0952209970533935,0.587120948393632,"1"
"280","30","18216",0.102304090337043,0.430876214162521,"2"
"281","32","1904",0.0394865601485574,0.471348011536201,"1"
"282","32","2491",0.0370494693024391,0.628445576027229,"3"
"283","32","4075",0.038784441001528,0.437673857782512,"2"
"284","32","7799",0.0381506549796023,0.444005605248854,"1"
"285","32","9737",0.0375838556589746,0.559976710714783,"1"
"286","32","11048",0.0286472011683981,0.619983883767593,"3"
"287","32","13269",0.0387521256533706,0.489409715095737,"1"
"288","32","15122",0.0403995832106856,0.468899186689574,"1"
"289","32","25803",0.0438246373876729,0.543061756862941,"1"
"290","32","30327",0.0256750808335047,0.446446411857776,"1"
"291","33","4587",0.0805774532492872,0.763823350739429,"3"
"292","33","6445",0.0620156744199239,0.680502203736072,"3"
"293","33","8192",0.0686863651539426,0.735235890203774,"3"
"294","33","9198",0.0726087561718096,0.631241438708158,"3"
"295","33","10561",0.146175704838808,0.261166285709016,"2"
"296","33","21145",0.192675288482957,0.198421920370092,"2"
"297","33","21634",0.0828918684925128,0.40363545497922,"2"
"298","33","25190",0.0846224580068749,0.283762309361072,"2"
"299","33","28449",0.27617659068676,0.681728451652973,"4"
"300","33","30379",0.233108391072992,0.398357183177471,"4"
"301","34","2463",0.0409761619674254,0.51649884021501,"1"
"302","34","5232",0.0278632414256724,0.65543313887269,"3"
"303","34","9633",0.0180058558732405,0.523754237106233,"1"
"304","34","14243",0.101390292063652,0.483514096420402,"1"
"305","34","16660",0.0238613966850271,0.557079425488416,"1"
"306","34","17247",0.026325496339581,0.417267911301882,"2"
"307","34","24351",0.0647229500025681,0.397756987079754,"2"
"308","34","26450",0.0159621732343417,0.668147250145518,"3"
"309","34","26905",0.013087935657283,0.570202455186825,"1"
"310","34","27595",0.0410418167735317,0.502458199494643,"1"
"311","35","1462",0.0286350588262061,0.499803751098555,"1"
"312","35","6445",0.0168896749654157,0.564295535757867,"1"
"313","35","9427",0.100671432499906,0.499676699008571,"1"
"314","35","14297",0.0127131051857795,0.490448357075632,"1"
"315","35","15516",0.0177464438460193,0.438299932922294,"1"
"316","35","17490",0.0184851483959348,0.539299492294597,"1"
"317","35","19651",0.0215130009500735,0.562275506838251,"1"
"318","35","23399",0.0289429985103222,0.55979035920229,"1"
"319","35","24388",0.0230168437180464,0.554300108463722,"1"
"320","35","28409",0.025096528801364,0.571424091586537,"1"
"321","36","4364",0.0194213808141726,0.490759266856456,"1"
"322","36","4388",0.0331421113708675,0.535552224337907,"1"
"323","36","10547",0.0213385144079993,0.668225951200533,"3"
"324","36","12905",0.0190231127290924,0.504742710099115,"1"
"325","36","15535",0.0318967732559396,0.660229051857682,"3"
"326","36","18400",0.014991430453711,0.588618188185348,"1"
"327","36","23642",0.0276755418944446,0.580085908781595,"1"
"328","36","24178",0.0247442917768174,0.503830120863096,"1"
"329","36","30210",0.0249681273600635,0.404503858953906,"2"
"330","36","30729",0.0144205872129164,0.572111631438527,"1"
"331","37","3640",0.166158623645568,0.560602666772478,"4"
"332","37","6940",0.149394290123984,0.211842713460298,"2"
"333","37","7009",0.111949883659221,0.926899408644083,"3"
"334","37","9100",0.188455436480872,0.696078878185472,"3"
"335","37","13941",0.187319148502966,0.46540059185058,"4"
"336","37","17639",0.122499907625351,0.657670758397401,"3"
"337","37","19935",0.315324138650022,0.663174685311103,"4"
"338","37","20770",0.0751108444387328,0.740990332225599,"3"
"339","37","30604",0.14803268581082,0.685286147816815,"3"
"340","37","31402",0.114275218752112,0.427243586268947,"2"
"341","38","5490",0.285498455540602,0.309516021265995,"2"
"342","38","6020",0.107454060194887,0.33068398126158,"2"
"343","38","8938",0.0685259890362597,0.570658978904873,"1"
"344","38","13989",0.0814739950982833,0.266680069862202,"2"
"345","38","15335",0.0784128737512407,0.336944683292722,"2"
"346","38","16352",0.0581616366107027,0.548886311552013,"1"
"347","38","16526",0.05297785948425,0.910907354645871,"3"
"348","38","21744",0.0529779263188401,0.710669929977986,"3"
"349","38","22621",0.135912033161231,0.271817102579054,"2"
"350","38","24014",0.055313545584497,0.578437771819417,"1"
"351","39","4159",0.021478872266316,0.587390665042051,"1"
"352","39","4991",0.0587303236275195,0.652344280635979,"3"
"353","39","7775",0.0247469149735944,0.572765511362264,"1"
"354","39","11898",0.0741450212157958,0.412678897009131,"2"
"355","39","13663",0.016991910964531,0.484475008146358,"1"
"356","39","18142",0.0331256046665645,0.483371160903955,"1"
"357","39","18514",0.0343540998286607,0.441375260216452,"1"
"358","39","26752",0.0250704908249662,0.548429221823095,"1"
"359","39","28070",0.0217233253476459,0.370262896250416,"2"
"360","39","29608",0.013922757090367,0.599867255384956,"1"
"361","40","1359",0.109941148549895,0.562946255008886,"1"
"362","40","6076",0.0759038535420845,0.37308226682678,"2"
"363","40","13196",0.158901635211981,0.553654704193726,"4"
"364","40","16071",0.164316267337017,0.539198220605005,"4"
"365","40","23652",0.249685060210555,0.348771311403447,"2"
"366","40","24179",0.0980052511754267,0.451868037594707,"1"
"367","40","24878",0.251375008617553,0.185610393362337,"2"
"368","40","26107",0.0631825333999004,0.724734340668317,"3"
"369","40","29972",0.082242335837959,0.872971402560717,"3"
"370","40","31714",0.0776616784551853,0.369343591091998,"2"
"371","41","6286",0.0219190944689317,0.591060919274862,"1"
"372","41","6562",0.0235602458871971,0.600023537909141,"1"
"373","41","8104",0.019307092878734,0.503571038266457,"1"
"374","41","8749",0.0204265582196159,0.726106361667723,"3"
"375","41","11111",0.0180974004161352,0.756827344393176,"3"
"376","41","17161",0.0173307477977576,0.573841135060345,"1"
"377","41","17179",0.0185484026288092,0.452325077858873,"1"
"378","41","17617",0.0199495217364276,0.405101490130522,"2"
"379","41","20057",0.0199834698105038,0.741621711746542,"3"
"380","41","31836",0.0196572845044866,0.549157913483578,"1"
"381","42","152",0.0233158835668735,0.340018911089623,"2"
"382","42","1904",0.0263156346885486,0.433701205798707,"2"
"383","42","2178",0.141146956889974,0.614744336090666,"3"
"384","42","10938",0.0236753323373376,0.545097390789967,"1"
"385","42","12963",0.0426275639667848,0.629857278878782,"3"
"386","42","15319",0.0653311436366055,0.401051873218395,"2"
"387","42","17460",0.0251336421933796,0.426019710824801,"2"
"388","42","22193",0.0154413119398884,0.564431466026877,"1"
"389","42","26798",0.030933304526279,0.306255661864027,"2"
"390","42","32081",0.018188775102663,0.476335056270688,"1"
"391","43","1235",0.00108494071052658,0.264764008887913,"2"
"392","43","12247",0.00239532665836283,0.526312540609186,"1"
"393","43","12521",9.09426351383996e-05,0.566408486873533,"1"
"394","43","13044",0.00126624139743525,0.390367694379843,"2"
"395","43","13491",0.00092872931299205,0.637998316018979,"3"
"396","43","21326",0.00127390645371883,0.530481359586407,"1"
"397","43","27511",0.000840806400926377,0.339597405630002,"2"
"398","43","28832",0.00240573417842814,0.628100502915563,"3"
"399","43","31719",0,0.518840034733093,"1"
"400","43","32374",0.00260481789412653,0.520070087459933,"1"
"401","44","2146",0.0269928232506035,0.565600826491847,"1"
"402","44","2491",0.0184565376585585,0.617523706406308,"1"
"403","44","4027",0.0249475023860808,0.514616305683887,"1"
"404","44","4091",0.062367246835425,0.580299755955211,"1"
"405","44","23144",0.0110474405326107,0.497584079678722,"1"
"406","44","24014",0.00971727065881878,0.59012248850114,"1"
"407","44","25312",0.0235340115049196,0.529680355657961,"1"
"408","44","29716",0.0194786053911864,0.33266287295053,"2"
"409","44","30498",0.0564360836696117,0.396849778137304,"2"
"410","44","32376",0.0190537624667663,0.459224717592677,"1"
"411","46","11405",0.0213821887135154,0.497573388885667,"1"
"412","46","12419",0.0181249141242002,0.551225558421946,"1"
"413","46","19873",0.0199527955953625,0.468195447387295,"1"
"414","46","20453",0.0154495133574815,0.51281837944316,"1"
"415","46","20457",0.0171874398071081,0.620846125467729,"3"
"416","46","23220",0.0198290144900193,0.653929639098634,"3"
"417","46","23520",0.0191352736523686,0.581676493551719,"1"
"418","46","25680",0.0150346164260564,0.610632737699724,"1"
"419","46","30078",0.0193365046648,0.689859144372663,"3"
"420","46","32119",0.0197380324312518,0.580336933301395,"1"
"421","47","4695",0.0170939290434896,0.452233604532985,"1"
"422","47","7180",0.0167029620143264,0.71645202013674,"3"
"423","47","11941",0.0198754512669516,0.55154739341099,"1"
"424","47","13180",0.0224898628727925,0.569908677447596,"1"
"425","47","22532",0.0198030049596939,0.74080353326958,"3"
"426","47","26052",0.0213697862177901,0.565139943190114,"1"
"427","47","27162",0.0210781667155657,0.562956597638539,"1"
"428","47","28896",0.0202549885257457,0.428836072782017,"2"
"429","47","30276",0.0167807462998067,0.405780435187616,"2"
"430","47","31836",0.0232160429022785,0.526576885182426,"1"
"431","48","7679",0.0172255152528978,0.411452309385204,"2"
"432","48","9501",0.042137342928355,0.515312808216312,"1"
"433","48","12878",0.0659313248574333,0.597292232289252,"1"
"434","48","14447",0.0353765088213128,0.665885962712831,"3"
"435","48","16792",0.0390776819635317,0.713429297886497,"3"
"436","48","22126",0.0399784695965013,0.824758126739719,"3"
"437","48","24457",0.0478072775679031,0.50105118695511,"1"
"438","48","30339",0.0447511351223963,0.682025877907692,"3"
"439","48","31024",0.0487404405444251,0.664685184161512,"3"
"440","48","32750",0.0254705633688212,0.690710162717888,"3"
"441","50","2085",0.00847948895570784,0.515337806868344,"1"
"442","50","3564",0.0155594365715908,0.46089443388809,"1"
"443","50","8186",0.0376132142092142,0.49642873548563,"1"
"444","50","13394",0.0132759650412717,0.518053538926528,"1"
"445","50","14001",0.0449213703399328,0.51287248799967,"1"
"446","50","15547",0.0228355616140768,0.589109641046318,"1"
"447","50","19678",0.0158411610262169,0.679320858978494,"3"
"448","50","21431",0.018516598547155,0.399269669446942,"2"
"449","50","21716",0.0117410937037663,0.395627476379689,"2"
"450","50","30692",0.0188308509019614,0.599216196376331,"1"
"451","51","2631",0.0167561949155538,0.590806787250064,"1"
"452","51","7028",0.0249996500830882,0.504856289583264,"1"
"453","51","13473",0.0134953086811121,0.485297932815,"1"
"454","51","15730",0.0168971440925733,0.520552504828822,"1"
"455","51","18960",0.0771119988631848,0.528829736927685,"1"
"456","51","22822",0.0176320303396987,0.492650165591498,"1"
"457","51","23019",0.0229878057754271,0.588566285918263,"1"
"458","51","23642",0.0610343219408906,0.567297549694527,"1"
"459","51","25745",0.0352387940883813,0.646867323080612,"3"
"460","51","32219",0.159293745692433,0.543808781571955,"4"
"461","52","5658",0.0266098904956342,0.177624786213825,"2"
"462","52","6390",0.0236247692927701,0.560619983621848,"1"
"463","52","14632",0.049229385457945,0.42887407969436,"2"
"464","52","15746",0.0253739176700721,0.663595249208923,"3"
"465","52","18955",0.0251006426571432,0.515281481658605,"1"
"466","52","18960",0.0268844498432577,0.616890105781499,"1"
"467","52","21658",0.0252627228867538,0.602035982105715,"1"
"468","52","25340",0.196968389377782,0.489454855598423,"4"
"469","52","29791",0.0244548928554273,0.563159671858825,"1"
"470","52","30327",0.0386168404710913,0.599390956468785,"1"
"471","53","4226",0.0289734088571634,0.50250742689249,"1"
"472","53","5173",0.0574516322648491,0.485842057973489,"1"
"473","53","9207",0.0167445536854724,0.380653031006318,"2"
"474","53","9302",0.0245948312527501,0.410688226674066,"2"
"475","53","11096",0.0401288679823777,0.599332551612516,"1"
"476","53","12428",0.0243395055289849,0.653303139071791,"3"
"477","53","12839",0.0317471867065031,0.565565370022462,"1"
"478","53","13948",0.0812586102430537,0.0430338962345347,"2"
"479","53","16357",0.0477569709676411,0.507611014948708,"1"
"480","53","31338",0.112772285863899,0.559809952572715,"1"
"481","55","1392",0.0675632060744458,0.670369156432083,"3"
"482","55","4031",0.0215516206459448,0.557353127065235,"1"
"483","55","13368",0.0642672055689793,0.362098353499372,"2"
"484","55","15388",0.0819901511566737,0.643407156021124,"3"
"485","55","16113",0.0804348001212873,0.771703098422168,"3"
"486","55","17193",0.0546837122088731,0.241410025813906,"2"
"487","55","18178",0.0303227898708332,0.515716650218347,"1"
"488","55","18960",0.198854199368451,0.579334924423947,"4"
"489","55","25344",0.0731659858481448,0.369400375983756,"2"
"490","55","31196",0.0516118940361672,0.710369367325582,"3"
"491","56","2193",0.0196877607974358,0.493130698094782,"1"
"492","56","2902",0.0798527573248644,0.430093042245313,"2"
"493","56","6382",0.047736771201423,0.493039852980401,"1"
"494","56","11730",0.02580868756022,0.444436037478343,"1"
"495","56","14263",0.022930487503436,0.579690651465239,"1"
"496","56","14913",0.0245444549262524,0.51212351139847,"1"
"497","56","15644",0.0806317484718815,0.50560224523432,"1"
"498","56","24766",0.0210217643642184,0.402023596276485,"2"
"499","56","26336",0.0497675020970483,0.700928002377685,"3"
"500","56","27363",0.0219058383795035,0.562850441016194,"1"
"501","58","254",0.214369576774346,0.588735994147906,"4"
"502","58","325",0.0492707002859766,0.747568288125487,"3"
"503","58","1747",0.0444854484199615,0.352484885801927,"2"
"504","58","7277",0.0769906001813881,0.482088140674296,"1"
"505","58","10040",0.0446948640298899,0.584411013493835,"1"
"506","58","10339",0.0267289251820606,0.520101516339625,"1"
"507","58","13377",0.0599517676995213,0.678708055841004,"3"
"508","58","13989",0.0433989565126705,0.297818262175346,"2"
"509","58","22178",0.0654725492212935,0.438652517610112,"2"
"510","58","26693",0.059945002030133,0.343283648331698,"2"
"511","59","5400",0.0286246600703093,0.53464028564992,"1"
"512","59","9687",0.143578159325779,0.522246594062849,"1"
"513","59","11184",0.0478006791903364,0.7963038934736,"3"
"514","59","14510",0.0341765385194615,0.371120345445566,"2"
"515","59","14740",0.0392446067523206,0.621383927843948,"3"
"516","59","15836",0.0200088302496278,0.751096871635424,"3"
"517","59","20086",0.146009455960559,0.543400093542283,"1"
"518","59","24881",0.0683820295567576,0.511707539405023,"1"
"519","59","26844",0.0230676819399312,0.54671599540102,"1"
"520","59","30384",0.0329946899222048,0.297413973970725,"2"
"521","60","9114",0.0315140219817,0.52610282934797,"1"
"522","60","15728",0.046082305445726,0.212694208514163,"2"
"523","60","16943",0.400661629921872,0.598555982012249,"4"
"524","60","17875",0.0947910308210033,0.574716428114987,"1"
"525","60","17957",0.0248630054574561,0.325438131939243,"2"
"526","60","18141",0.0393051032488412,0.495874465575536,"1"
"527","60","19551",0.085561267455447,0.559372057887607,"1"
"528","60","23624",0.0384815350679217,0.492824694223849,"1"
"529","60","24881",0.149215568455956,0.52152686893141,"1"
"530","60","28775",0.115030579760669,0.707063181974025,"3"
"531","61","1249",0.0193142017915831,0.689312649995423,"3"
"532","61","1433",0.0242059467609871,0.869955315283479,"3"
"533","61","9914",0.031234072167217,0.709999756090574,"3"
"534","61","10890",0.030011140046425,0.640771793085966,"3"
"535","61","11852",0.0407395006121424,0.514302597941065,"1"
"536","61","12234",0.0237360868689981,0.37897410747284,"2"
"537","61","14176",0.0277856644315278,0.467482093067048,"1"
"538","61","25745",0.0200228900490033,0.457835344413633,"1"
"539","61","26147",0.0455106850267464,0.707066812168225,"3"
"540","61","28509",0.0304727107148767,0.512349906273958,"1"
"541","62","5743",0.0520118512791742,0.506413446118438,"1"
"542","62","8859",0.0619537362835047,0.386568538855363,"2"
"543","62","9266",0.205014583776117,0.512761127014403,"4"
"544","62","12920",0.0621259939057269,0.789341163075553,"3"
"545","62","22590",0.101051232954146,0.56683693065499,"1"
"546","62","22827",0.125230225267775,0.622266019606205,"3"
"547","62","23399",0.186999560614844,0.591335776029874,"4"
"548","62","24868",0.0626577781182932,0.594359470119527,"1"
"549","62","26973",0.033657225095869,0.413880807253142,"2"
"550","62","28841",0.0669582761827857,0.656326282229883,"3"
"551","63","659",0.0204174991067575,0.518948256820105,"1"
"552","63","725",0.0421267335307452,0.319216012618693,"2"
"553","63","1128",0.0163010586161071,0.586072323592074,"1"
"554","63","2466",0.0260772947988669,0.537033303465514,"1"
"555","63","4616",0.0465168617492958,0.545076898050567,"1"
"556","63","6070",0.015612020265045,0.495462548068131,"1"
"557","63","11940",0.0247348983094536,0.514974277109615,"1"
"558","63","16289",0.0311229387650038,0.555301953955295,"1"
"559","63","19483",0.0207721751587031,0.662975889013499,"3"
"560","63","28354",0.0189503823169761,0.344377375932416,"2"
"561","64","8068",0.0221412427643513,0.593756631408545,"1"
"562","64","9972",0.0354585599927961,0.605988783901225,"1"
"563","64","19845",0.0366009672002953,0.528362137688325,"1"
"564","64","20585",0.0656771261221552,0.570404512880334,"1"
"565","64","21911",0.0268984806670536,0.678778579767409,"3"
"566","64","24933",0.0100835435105326,0.530236008709309,"1"
"567","64","26222",0.0198625356404461,0.747567296472006,"3"
"568","64","27669",0.0380814331047418,0.535296849496076,"1"
"569","64","30700",0.0863817491326204,0.492881588580345,"1"
"570","64","31047",0.0106286534809377,0.604297410259176,"1"
"571","66","2076",0.0313457433934319,0.495728942553321,"1"
"572","66","2659",0.0510536405379917,0.374647959544393,"2"
"573","66","6144",0.260275579369745,0.767540543355004,"3"
"574","66","7180",0.0305141892515764,0.65225895832315,"3"
"575","66","11263",0.0778942975550794,0.644616751664398,"3"
"576","66","12030",0.0442358308866873,0.479450569277447,"1"
"577","66","12780",0.186986872887369,0.62670876621517,"4"
"578","66","19176",0.0674812527587296,0.693319585641058,"3"
"579","66","25525",0.0486003117785227,0.550698324675873,"1"
"580","66","29791",0.0835134784959205,0.640750063875534,"3"
"581","67","2908",0.0136016799879156,0.538776961165361,"1"
"582","67","9153",0.0526264934259284,0.612419245651421,"1"
"583","67","10708",0.0239021940357452,0.851701023754711,"3"
"584","67","14420",0.03899657145098,0.5355751034486,"1"
"585","67","16746",0.0164000757196508,0.543978380225247,"1"
"586","67","26720",0.0240063890785893,0.530747257173268,"1"
"587","67","26868",0.0220701799046045,0.523508525374413,"1"
"588","67","29267",0.0332727053001613,0.526115461073,"1"
"589","67","30791",0.0157072600787599,0.559229864529075,"1"
"590","67","32205",0.0246586145400705,0.338341755086688,"2"
"591","68","2058",0.0271000832028349,0.542838382661925,"1"
"592","68","2193",0.0294650564434478,0.479962440542974,"1"
"593","68","9153",0.0613314502080357,0.55560792709288,"1"
"594","68","11327",0.0462283680241775,0.540480352596137,"1"
"595","68","13626",0.0204960554651525,0.469253003358756,"1"
"596","68","15861",0.0261090803419036,0.615785182992055,"1"
"597","68","21883",0.0296318817934434,0.525366600032549,"1"
"598","68","29441",0.0263125756374407,0.624053118999552,"3"
"599","68","30492",0.0224107358974157,0.519616728520713,"1"
"600","68","30896",0.0368556124156249,0.462045714176328,"1"
"601","69","3908",0.0197117121228849,0.51566465160247,"1"
"602","69","7028",0.00654744326692393,0.511861854641861,"1"
"603","69","15818",0.00460231504370944,0.528642090158527,"1"
"604","69","19204",0.00620452327221515,0.516207473648478,"1"
"605","69","23524",0.00489946895613633,0.539865826913923,"1"
"606","69","25668",0.00784164168825982,0.566053305503251,"1"
"607","69","28775",0.017818956161892,0.475471978435266,"1"
"608","69","28877",0.00442566468105696,0.543941455343776,"1"
"609","69","29997",0.00681495018916523,0.513799992757804,"1"
"610","69","31303",0.00445711026762831,0.479935429131938,"1"
"611","70","4603",0.0319246520491351,0.497046835336172,"1"
"612","70","11143",0.0187680966347641,0.634395033943063,"3"
"613","70","11497",0.0242890937289661,0.638740195725009,"3"
"614","70","11718",0.0254149574433626,0.577662866893805,"1"
"615","70","13707",0.0199375818498725,0.536390218858267,"1"
"616","70","15861",0.039887242178196,0.531913023792746,"1"
"617","70","18822",0.0372750952560074,0.414334853451149,"2"
"618","70","24224",0.0345651504656275,0.613414562438535,"1"
"619","70","27307",0.0252621802714725,0.587939772559398,"1"
"620","70","28839",0.0317708103071394,0.638327600945331,"3"
"621","72","611",0.0612631290511762,0.463235728255371,"1"
"622","72","1789",0.0183527865054696,0.461232935728978,"1"
"623","72","3640",0.0330158573142028,0.665329419043701,"3"
"624","72","8044",0.0483231735723245,0.355399670370836,"2"
"625","72","15715",0.0642434441704861,0.532620448503466,"1"
"626","72","18739",0.02347087741773,0.427035982249766,"2"
"627","72","22674",0.0378338335580267,0.505329292340005,"1"
"628","72","24022",0.0384542137333908,0.435143186912856,"2"
"629","72","25489",0.0316842241519385,0.399502898954343,"2"
"630","72","25773",0.0223267362041837,0.42099062939065,"2"
"631","73","5340",0.0406146195243402,0.427491442322072,"2"
"632","73","8357",0.0305910078521666,0.454143659528859,"1"
"633","73","12852",0.0300942348171435,0.619518232978926,"3"
"634","73","15194",0.0351661310893516,0.612874006605156,"1"
"635","73","17804",0.0319106144832137,0.59381724410471,"1"
"636","73","18020",0.0305171261796507,0.510909854785822,"1"
"637","73","21734",0.0479291625307203,0.689372793976655,"3"
"638","73","23903",0.0438674238548129,0.665380319536597,"3"
"639","73","28881",0.0415494125741653,0.669166393754724,"3"
"640","73","30210",0.049313693354383,0.299195814805523,"2"
"641","74","2657",0.0314215308987026,0.568215232483733,"1"
"642","74","5601",0.029467782161691,0.541340163851076,"1"
"643","74","7921",0.0593230796111606,0.643388882008295,"3"
"644","74","8978",0.0313887638832753,0.681502420767233,"3"
"645","74","14895",0.03301140064774,0.337762677965406,"2"
"646","74","15845",0.0328755130760726,0.412225645941331,"2"
"647","74","15853",0.0457154053102862,0.544701996416015,"1"
"648","74","17169",0.025018495272638,0.439186612871345,"1"
"649","74","17707",0.0258469519373872,0.634033753094581,"3"
"650","74","19876",0.029516535835113,0.549241255891483,"1"
"651","75","2353",0.107836770713641,0.54734874481832,"1"
"652","75","2946",1,0.412579255389777,"4"
"653","75","5829",0.0837333225101181,0.8296380357327,"3"
"654","75","20498",0.191551915065998,0.885324365589399,"3"
"655","75","21888",0.395461033322008,0.237556559332601,"4"
"656","75","22106",0.34054569663969,0.340750142721565,"4"
"657","75","23427",0.101876751240204,0.30386226108169,"2"
"658","75","24171",0.0702169758571971,0.544628771549913,"1"
"659","75","29819",0.0789750269310103,0.102397021016912,"2"
"660","75","32277",0.13775641551496,0.654988519509317,"3"
"661","76","7374",0.0646402693469944,0.400119858757804,"2"
"662","76","12726",0.0478440634757528,0.52772126033508,"1"
"663","76","16706",0.0196584689975276,0.67970338619441,"3"
"664","76","19528",0.0199581267925786,0.286451742911044,"2"
"665","76","21466",0.018384961729296,0.409241898170161,"2"
"666","76","23656",0.0342313054080269,0.541580359698441,"1"
"667","76","27095",0.0331848247545122,0.532847236902502,"1"
"668","76","28022",0.0426926517712545,0.465723562612851,"1"
"669","76","28541",0.0790320222805543,0.576408688632568,"1"
"670","76","30604",0.027808236210313,0.353532018853971,"2"
"671","77","3836",0.0253394562110395,0.568231097013103,"1"
"672","77","6428",0.0321618716450138,0.541403612422607,"1"
"673","77","8196",0.0319844903706958,0.494128935276136,"1"
"674","77","11686",0.0416593699890065,0.559890834079551,"1"
"675","77","17198",0.0261823310448969,0.441500542263632,"1"
"676","77","23217",0.0257780500568083,0.401993237567387,"2"
"677","77","28328",0.0273175398011338,0.617957173248499,"1"
"678","77","28881",0.025225930231134,0.675394340972485,"3"
"679","77","28992",0.0254915625560163,0.588619618672334,"1"
"680","77","31004",0.0272281329570577,0.539258199926475,"1"
"681","78","675",0.148379409909605,0.117418492202172,"2"
"682","78","4275",0.0722518481103312,0.71547897321962,"3"
"683","78","6172",0.132324472616018,0.626981548279595,"3"
"684","78","10005",0.0921140073330674,0.55495713689264,"1"
"685","78","17305",0.0594147795198514,0.560344839245221,"1"
"686","78","17809",0.0475960762020525,0.468125537487312,"1"
"687","78","18203",0.120010717818554,1,"3"
"688","78","29219",0.0912158713984578,0.544166583973066,"1"
"689","78","32083",0.0343058703063111,0.479171311177739,"1"
"690","78","32352",0.125809812385948,0.637013605241108,"3"
"691","80","1876",0.036251851585806,0.639537545290218,"3"
"692","80","9350",0.0450861394760344,0.625797064445264,"3"
"693","80","14080",0.0538579413087118,0.480439122251857,"1"
"694","80","14573",0.0922325921473161,0.442125507311097,"2"
"695","80","15466",0.0905443278108714,0.52768153862713,"1"
"696","80","19265",0.117078730536999,0.533651962198299,"1"
"697","80","20083",0.052393316872411,0.536286503712471,"1"
"698","80","21103",0.0680441631183144,0.327155012499702,"2"
"699","80","24339",0.0391205160810294,0.542186202255133,"1"
"700","80","31874",0.0796477629036226,0.565607845189581,"1"
"701","81","1722",0.128560902555337,0.691144259431031,"3"
"702","81","1962",0.0445109318668325,0.436585897944983,"2"
"703","81","2018",0.0402969037837613,0.582945546726777,"1"
"704","81","2748",0.0834755297669315,0.513648530146543,"1"
"705","81","17161",0.0310996690643118,0.436424644890034,"2"
"706","81","20410",0.0566154102147207,0.439558103244053,"2"
"707","81","20827",0.0655993758531387,0.455921508971456,"1"
"708","81","26868",0.0798735152267023,0.540160052892638,"1"
"709","81","27788",0.0715781823839096,0.464946607844164,"1"
"710","81","28521",0.0581650556461046,0.457048287142317,"1"
"711","82","4155",0.336718175027326,0.439459246869669,"4"
"712","82","5620",0.0488716235649944,0.544165464362195,"1"
"713","82","5934",0.0742533252472902,0.430531209478046,"2"
"714","82","10000",0.03462714186645,0.618138942536708,"3"
"715","82","21434",0.0239767796676073,0.56507895739377,"1"
"716","82","25094",0.0334922694917296,0.47261866627779,"1"
"717","82","28200",0.0558475377483106,0.543790761016002,"1"
"718","82","29819",0.0389928382438195,0.675551406623343,"3"
"719","82","32048",0.0240784624753399,0.623072452938963,"3"
"720","82","32173",0.249872123646083,0.416499271447713,"4"
"721","83","5803",0.063390699149431,0.64205758910521,"3"
"722","83","11111",0.0366163333134049,0.522022230576585,"1"
"723","83","11682",0.0582783268247472,0.698725292831561,"3"
"724","83","12222",0.0612138003156304,0.588025347278749,"1"
"725","83","15715",0.151144409087486,0.642474163390727,"3"
"726","83","17676",0.0554361912334836,0.249671903114596,"2"
"727","83","21685",0.0411951080140922,0.807421276835237,"3"
"728","83","26155",0.070438110538384,0.472604745025639,"1"
"729","83","30376",0.0942295246762583,0.654683067796104,"3"
"730","83","31970",0.0538001847634335,0.1300682563815,"2"
"731","84","5853",0.0213049850960839,0.546160117900425,"1"
"732","84","6108",0.0722179066417737,0.495654410891559,"1"
"733","84","10113",0.0288682534172954,0.392625113846836,"2"
"734","84","11375",0.0295922809461689,0.546716999181495,"1"
"735","84","13159",0.0720759680236251,0.506795012312795,"1"
"736","84","14177",0.0515110962706103,0.566286740256485,"1"
"737","84","14312",0.00787683842601117,0.661530575483657,"3"
"738","84","16086",0.038837892345242,0.502321816778902,"1"
"739","84","21446",0.0405602181128141,0.522638558646924,"1"
"740","84","31836",0.0128802856240678,0.54332869257621,"1"
"741","85","991",0.0273516762492247,0.4797864375657,"1"
"742","85","2883",0.0245322573122702,0.547700191186058,"1"
"743","85","5809",0.0275493748222236,0.389477077086092,"2"
"744","85","8859",0.0326415046500696,0.590407769406108,"1"
"745","85","9377",0.0168967824872623,0.427095973191205,"2"
"746","85","11367",0.023190320143586,0.552711598534757,"1"
"747","85","17259",0.0223507565413517,0.632926012172374,"3"
"748","85","18507",0.0191404700905124,0.455486650684886,"1"
"749","85","26152",0.0289338547866952,0.511804268242173,"1"
"750","85","27015",0.0324764162609185,0.505805177252709,"1"
"751","86","1350",0.0236917237778184,0.498883431882656,"1"
"752","86","4388",0.0205643687425849,0.439202977697304,"1"
"753","86","6463",0.0266563093482394,0.611286654027975,"1"
"754","86","8825",0.0262313627739321,0.655537757427715,"3"
"755","86","13851",0.0387820250113765,0.591516548620107,"1"
"756","86","17305",0.0244284460980535,0.681997546987228,"3"
"757","86","20086",0.0421970709809213,0.563056040077666,"1"
"758","86","21659",0.031032907523731,0.575415038234904,"1"
"759","86","23348",0.0234069226437279,0.526094567848665,"1"
"760","86","32048",0.0194038021282242,0.429865182346855,"2"
"761","87","1100",0.0400708360239721,0.452762276983208,"1"
"762","87","2780",0.0758230798938296,0.48725428537165,"1"
"763","87","4201",0.0589551527437832,0.434848125430975,"2"
"764","87","6742",0.0643219566260519,0.648263456978001,"3"
"765","87","11792",0.0618326715460134,0.525614825028429,"1"
"766","87","14869",0.0412529096025582,0.592673410814926,"1"
"767","87","18077",0.0862258867090174,0.553074629299974,"1"
"768","87","19157",0.146612722419655,0.569370974479556,"1"
"769","87","20498",0.189439692960554,0.516288479430212,"4"
"770","87","26607",0.0264761708150591,0.76738654754448,"3"
"771","88","1000",0.140901187773378,0.308370184037961,"2"
"772","88","1462",0.251531015614381,0.758076660603487,"3"
"773","88","15685",0.0595953400520421,0.480757732385481,"1"
"774","88","16081",0.905944895670423,0.664701020440277,"4"
"775","88","16138",0.192649376832808,0.316189796606805,"2"
"776","88","21099",0.119511478522624,0.21147804230374,"2"
"777","88","23488",0.0848593535078462,0.412056240503439,"2"
"778","88","25002",0.062172348116405,0.653563496744455,"3"
"779","88","26375",0.160499271912324,0.55350753652527,"4"
"780","88","29026",0.127798732793596,0.584833625050192,"1"
"781","89","2867",0.0327096960729711,0.446136024452295,"1"
"782","89","4004",0.0313792871994474,0.665806160563457,"3"
"783","89","7491",0.0534468833182049,0.584805347509539,"1"
"784","89","10349",0.0338961025531208,0.322918835994191,"2"
"785","89","13838",0.0478268851647369,0.609012499692006,"1"
"786","89","20826",0.0558743374585445,0.819908442862973,"3"
"787","89","20862",0.0341491109873867,0.383745939279342,"2"
"788","89","21533",0.0400815902730269,0.535202804439813,"1"
"789","89","23136",0.031097780822674,0.481458977254525,"1"
"790","89","29947",0.0279683003020106,0.711646319762594,"3"
"791","90","4995",0.228155114037788,0.478603360622058,"4"
"792","90","6906",0.180752200892446,0.586725317395422,"4"
"793","90","7309",0.033702091586864,0.475559598567052,"1"
"794","90","8662",0.173569308144198,0.625424178955962,"4"
"795","90","12583",0.106230068498585,0.648761367663395,"3"
"796","90","13552",0.0911818529081647,0.291214986598978,"2"
"797","90","16560",0.0446309685581405,0.52265054554782,"1"
"798","90","17421",0.0869743408923656,0.484329764242351,"1"
"799","90","19309",0.138637966117385,0.57281013351781,"1"
"800","90","30303",0.131331879690474,0.426382446425571,"2"
"801","93","3322",0.00948071354895209,0.591505235529934,"1"
"802","93","3962",0.00905153325016167,0.404238107310046,"2"
"803","93","7465",0.0185829473042035,0.662324154068145,"3"
"804","93","20172",0.0131905160935239,0.532008124053739,"1"
"805","93","22331",0.0253562816973684,0.546901040076529,"1"
"806","93","26362",0.01272655054337,0.454096547375771,"1"
"807","93","27339",0.0307449589938787,0.757518434967466,"3"
"808","93","30657",0.0706701749958907,0.337335946366207,"2"
"809","93","31456",0.00895565792295694,0.517930317122221,"1"
"810","93","31595",0.0175928044556656,0.611922058787835,"1"
"811","94","211",0.0350962052117455,0.62557040178051,"3"
"812","94","7548",0.057624852589785,0.374061827214449,"2"
"813","94","12234",0.0572043411972065,0.681688857691904,"3"
"814","94","14449",0.0420350348095006,0.556539901971536,"1"
"815","94","23030",0.0309476730336986,0.572132653559425,"1"
"816","94","25463",0.0670508357012169,0.672296532277911,"3"
"817","94","27722",0.0313827622511305,0.643800153642806,"3"
"818","94","28572",0.0343753263447526,0.473240204813171,"1"
"819","94","30987",0.0694508796155903,0.758621033876466,"3"
"820","94","31482",0.168685681852677,0.350162468170908,"2"
"821","95","273",0.0164010475729153,0.685256595657296,"3"
"822","95","1477",0.0385525442323391,0.433361921837225,"2"
"823","95","5421",0.115815220040071,0.440690542912906,"2"
"824","95","10339",0.0119970779278808,0.569955731042878,"1"
"825","95","12945",0.0277620889650322,0.652444837403525,"3"
"826","95","13968",0.0310927559798557,0.521781317517393,"1"
"827","95","15540",0.0326528731214607,0.45918561194419,"1"
"828","95","15548",0.0244971552875307,0.523724191915937,"1"
"829","95","28395",0.0280957420564421,0.355543884518963,"2"
"830","95","29171",0.0396665036876385,0.530289805785802,"1"
"831","96","627",0.0218462784738053,0.482897733271161,"1"
"832","96","1544",0.040103767179562,0.601861288397067,"1"
"833","96","5407",0.0524196756427042,0.605810722514746,"1"
"834","96","10765",0.0794595204711026,0.510794467249564,"1"
"835","96","13912",0.0506003801692115,0.37744496481465,"2"
"836","96","15727",0.0244893446236955,0.471319450142556,"1"
"837","96","16071",0.0486893914789737,0.425644797216959,"2"
"838","96","24406",0.100021166115187,0.474028361529153,"1"
"839","96","26277",0.0416966927625293,0.366132127667752,"2"
"840","96","29026",0.025854698755078,0.514472305666786,"1"
"841","97","4470",0.0728130968978815,0.537611496329966,"1"
"842","97","4570",0.0986857704513515,0.400247393337267,"2"
"843","97","5513",0.0953287438624281,0.69477104233493,"3"
"844","97","7679",0.0598177167968989,0.468613477739276,"1"
"845","97","13663",0.0901314016511984,0.496607921633193,"1"
"846","97","17091",0.155082892164255,0.526792193877381,"4"
"847","97","18142",0.154248699699087,0.629839092330501,"3"
"848","97","22385",0.118158286330609,0.50585971587189,"1"
"849","97","22495",0.0908784062873783,0.350762699155375,"2"
"850","97","32322",0.115244590640004,0.403533230246195,"2"
"851","98","4723",0.114494862114054,0.454761249361818,"1"
"852","98","6102",0.0608611259977304,0.715666551863663,"3"
"853","98","11872",0.290409122425822,0.936438779922367,"3"
"854","98","12131",0.101669528917393,0.590316861630672,"1"
"855","98","14070",0.215974452943132,0.532779716826395,"4"
"856","98","14795",0.136134872131776,0.510887370990203,"1"
"857","98","18247",0.106558912314615,0.596221878574993,"1"
"858","98","21886",0.110743760197721,0.483556010691505,"1"
"859","98","30620",0.0881704758451699,0.959855765342736,"3"
"860","98","31258",0.0842747300954023,0.271997662838965,"2"
"861","99","7133",0.0224846450245525,0.578680105900516,"1"
"862","99","11143",0.0132187507045066,0.407990425717273,"2"
"863","99","12797",0.029784390321476,0.540574624409162,"1"
"864","99","13900",0.0151279950717681,0.431515418716899,"2"
"865","99","16040",0.0171025509555987,0.612829727978043,"1"
"866","99","16466",0.0117175121971618,0.622140120627341,"3"
"867","99","22120",0.0154899185758677,0.528103551470127,"1"
"868","99","24588",0.041243608900681,0.435152454019204,"2"
"869","99","26052",0.0162719779935922,0.57002633281724,"1"
"870","99","26786",0.0159903199432107,0.562451267819586,"1"
"871","100","1057",0.0804719440080416,0.746462329789123,"3"
"872","100","3886",0.121975275319901,0.482826783218294,"1"
"873","100","5025",0.174036706924469,0.603134767313165,"4"
"874","100","8360",0.0853182585421745,0.546443063429861,"1"
"875","100","17603",0.0586618812313116,0.524745794282154,"1"
"876","100","20939",0.105117853576199,0.364384682150234,"2"
"877","100","25569",0.0657455124725353,0.284442288555761,"2"
"878","100","26155",0.081329647352188,0.495800141936372,"1"
"879","100","27722",0.0366888127649515,0.698539841425468,"3"
"880","100","27890",0.0456908501504109,0.698372794247029,"3"
"881","101","4265",0.0340160959518201,0.538986915905454,"1"
"882","101","5609",0.0507287294582632,0.406952510988717,"2"
"883","101","5803",0.0389836353876591,0.6550907987194,"3"
"884","101","6809",0.0709665347438914,0.654328836468673,"3"
"885","101","11351",0.0500379609192199,0.587955105383186,"1"
"886","101","14549",0.0483061720556907,0.338980449584458,"2"
"887","101","17584",0.0313254075379456,0.494660953390155,"1"
"888","101","23520",0.0917134237601315,0.709367371498308,"3"
"889","101","24127",0.0362916928884084,0.577682668649611,"1"
"890","101","29793",0.0655519099177133,0.639624106940265,"3"
"891","102","438",0.0483164369812372,0.511789196113721,"1"
"892","102","5978",0.0672857921883401,0.220306786110563,"2"
"893","102","7005",0.0606895250771394,0.709157286779257,"3"
"894","102","9021",0.0235020180476935,0.626985617613156,"3"
"895","102","12704",0.059633581849129,0.661312028563831,"3"
"896","102","14510",0.0429791038115064,0.545093798417101,"1"
"897","102","17832",0.149377943199373,0.498615695054838,"1"
"898","102","27828",0.127576310506818,0.804044101560362,"3"
"899","102","30604",0.0530209282946596,0.407984249926765,"2"
"900","102","32746",0.234571859347237,0.677261699637217,"4"
"901","103","436",0.0870947055810829,0.659469955046993,"3"
"902","103","5171",0.101235249367033,0.248965264646454,"2"
"903","103","9248",0.339741022269333,0.591503850656265,"4"
"904","103","9659",0.0708109310387323,0.196463875053521,"2"
"905","103","15584",0.24804753595671,0.251533505617614,"2"
"906","103","22635",0.0569025772677828,0.372351508920514,"2"
"907","103","28969",0.0718118802437365,0.481781946245392,"1"
"908","103","30106",0.26600094815535,0.635620429764394,"4"
"909","103","30494",0.0686795062981113,0.240297219023824,"2"
"910","103","32547",0.0486324181783396,0.702908918772198,"3"
"911","104","4266",0.0609507126505849,0.545082863987537,"1"
"912","104","5046",0.0450188008651346,0.456662094712591,"1"
"913","104","5171",0.0683503047146839,0.734418993714879,"3"
"914","104","10461",0.143724207148203,0.667078389186193,"3"
"915","104","12012",0.0357647699530887,0.683810864003161,"3"
"916","104","12797",0.123374186563356,0.823913341503191,"3"
"917","104","13495",0.0227450703074385,0.559212945379533,"1"
"918","104","16864",0.0267069143603804,0.361237056256352,"2"
"919","104","21753",0.0487678213011601,0.583865819435957,"1"
"920","104","24871",0.0307690736155021,0.462918156141165,"1"
"921","105","1209",0.181643134453551,0.599822959174498,"4"
"922","105","9665",0.0235211849715643,0.499180515893903,"1"
"923","105","10964",0.0444972183085373,0.572747028369483,"1"
"924","105","13531",0.017663919111671,0.595656200481799,"1"
"925","105","20644",0.0209701845306873,0.545905487406078,"1"
"926","105","23017",0.024744008223014,0.707467111172475,"3"
"927","105","23630",0.020992657570248,0.571230109391654,"1"
"928","105","25452",0.022142877696069,0.612748342328907,"1"
"929","105","25640",0.0262062597535936,0.572483460420834,"1"
"930","105","28126",0.0235031027450115,0.785529703645054,"3"
"931","107","2046",0.0256595233629539,0.497884131336595,"1"
"932","107","3694",0.0657600439051974,0.586390978067085,"1"
"933","107","6481",0.0401623733263523,0.326105368612279,"2"
"934","107","6626",0.0130482665196224,0.399746312649969,"2"
"935","107","12703",0.0277039371689692,0.257076714767336,"2"
"936","107","15713",0.0432784301601266,0.306509293451995,"2"
"937","107","22487",0.0192405701975446,0.390044542815203,"2"
"938","107","24701",0.0414337926983054,0.588405230727884,"1"
"939","107","32376",0.0261403427349682,0.543846540979458,"1"
"940","107","32470",0.0794977599672876,0.64396376204401,"3"
"941","108","2385",0.0184561333604525,0.530809971663355,"1"
"942","108","9164",0.0364920517464364,0.817168640562298,"3"
"943","108","9869",0.0185614569670647,0.432913103690414,"2"
"944","108","10123",0.0421029178358624,0.525105793596277,"1"
"945","108","17598",0.0392962006207183,0.621702976704986,"3"
"946","108","17644",0.0721903127009213,0.562558803068071,"1"
"947","108","21988",0.0498776665066097,0.559066905378394,"1"
"948","108","28429",0.0347905237858456,0.49195777723075,"1"
"949","108","31554",0.0361218146244425,0.537372892071686,"1"
"950","108","32433",0.037883381400478,0.356316989701918,"2"
"951","109","1274",0.0238776657993228,0.472336621328459,"1"
"952","109","1920",0.029738319903883,0.427124683236214,"2"
"953","109","2631",0.0363599437528518,0.609110040383146,"1"
"954","109","8583",0.0570183791893223,0.532581899011888,"1"
"955","109","9752",0.0601193255991495,0.618766987216578,"3"
"956","109","15147",0.082293526646404,0.590260342679568,"1"
"957","109","18742",0.112977811168463,0.595405854875259,"1"
"958","109","23049",0.0606348624316958,0.516900592912946,"1"
"959","109","24034",0.0453226197087714,0.618886430458774,"3"
"960","109","32547",0.0187894189541931,0.347765090049549,"2"
"961","110","5141",0.119424130636746,0.231175207287009,"2"
"962","110","5976",0.0959051476039626,0.332720992907168,"2"
"963","110","8476",0.0923328584778544,0.738118526752921,"3"
"964","110","9501",0.0801509198470874,0.549970543415652,"1"
"965","110","17578",0.0484750200099239,0.2595501279881,"2"
"966","110","20944",0.0738868160444255,0.409064301532325,"2"
"967","110","27837",0.0567962129869305,0.288323423515694,"2"
"968","110","29138",0.0412221616874862,0.55997398268288,"1"
"969","110","30974",0.194481136975873,0.516757188048671,"4"
"970","110","31789",0.035934998727692,0.603818526041745,"1"
"971","111","2717",0.0170893542674653,0.477725079524801,"1"
"972","111","7237",0.0237016157883032,0.54949091930246,"1"
"973","111","11374",0.0174874297913116,0.567703873171509,"1"
"974","111","16328",0.0178327957737394,0.61644195185085,"1"
"975","111","22011",0.0181084222383638,0.419112482894631,"2"
"976","111","25219",0.0180537982924653,0.543435990445774,"1"
"977","111","25357",0.013988246252274,0.52988067730759,"1"
"978","111","26837",0.014407234127657,0.631398877063435,"3"
"979","111","27757",0.0157850235874321,0.538683670626595,"1"
"980","111","29649",0.0167527803943195,0.526518766003151,"1"
"981","112","5706",0.0661957301221769,0.367739674480917,"2"
"982","112","5934",0.107969486965875,0.563509041180884,"1"
"983","112","7653",0.110052864197957,0.701870049811263,"3"
"984","112","8426",0.0790046455793874,0.68365465355694,"3"
"985","112","13432",0.0977063599119087,0.0308077014344902,"2"
"986","112","16127",0.236897585057301,0.285679533872714,"2"
"987","112","16280",0.181920331331299,0.550265389070952,"4"
"988","112","17570",0.19876659216143,0.24025236313909,"2"
"989","112","20571",0.0928116936066409,0.343185344046953,"2"
"990","112","32247",0.297071026797075,0.412949985014359,"4"
"991","113","4570",0.0515959527846722,0.733321057990554,"3"
"992","113","9001",0.0429452757618665,0.690663846898954,"3"
"993","113","9219",0.0392282344904413,0.534018772026668,"1"
"994","113","10163",0.0285190355423307,0.489741289042984,"1"
"995","113","10827",0.0997717526058866,0.827143740240066,"3"
"996","113","15132",0.0854462483978173,0.542901119006925,"1"
"997","113","16696",0.0413531051263435,0.988800394124928,"3"
"998","113","20164",0.0618684083529607,0.515391694589356,"1"
"999","113","22877",0.0328289854487879,0.685318734771503,"3"
"1000","113","32081",0.036348079943861,0.19680119369553,"2"
"1001","114","589",0.105036531111952,0.630107938532684,"3"
"1002","114","1119",0.0308299331383527,0.778331349955717,"3"
"1003","114","5496",0.105438915123118,0.556172313249057,"1"
"1004","114","7686",0.0456502406292597,0.737832139966923,"3"
"1005","114","11143",0.0188086565147185,0.631859725270124,"3"
"1006","114","20939",0.0980589322001997,0.58207309684974,"1"
"1007","114","25489",0.0505992469287007,0.638865998762959,"3"
"1008","114","27496",0.0588282175040728,0.32083235854653,"2"
"1009","114","27957",0.0324334887265959,0.566810022161858,"1"
"1010","114","31267",0.0464808279155574,0.449631972631585,"1"
"1011","115","1544",0.0557549263194073,0.437783486881575,"2"
"1012","115","3069",0.0464615703989899,0.506813870559362,"1"
"1013","115","4132",0.0220196068454776,0.536821467548356,"1"
"1014","115","12065",0.0551434831324046,0.506349146376138,"1"
"1015","115","12399",0.0195423519974817,0.41423826250069,"2"
"1016","115","12694",0.118296285137408,0.486201328286327,"1"
"1017","115","15163",0.0314510340010568,0.559612713962016,"1"
"1018","115","16629",0.0310077182538889,0.430666834654851,"2"
"1019","115","23145",0.0188887469273462,0.335372977182405,"2"
"1020","115","29775",0.0893615749308397,0.666341047206008,"3"
"1021","116","535",0.0463466125813193,0.437878403493133,"2"
"1022","116","817",0.0709753660064817,0.395138909282831,"2"
"1023","116","2010",0.0836212768583785,0.627303503444686,"3"
"1024","116","2917",0.040117373618209,0.362692719072858,"2"
"1025","116","5302",0.0647737335235476,0.224222414081649,"2"
"1026","116","9166",0.0282890955187209,0.524259713720835,"1"
"1027","116","12998",0.317794416881817,0.449966545290291,"4"
"1028","116","18471",0.0557261468864119,0.995364021098503,"3"
"1029","116","22498",0.0603814591823159,0.842867483763124,"3"
"1030","116","26864",0.0662431484079309,0.127612965726738,"2"
"1031","118","2374",0.0832484177023712,0.792567970766266,"3"
"1032","118","5682",0.0919754756628187,0.419803439503495,"2"
"1033","118","7821",0.094739563240218,0.350100927393657,"2"
"1034","118","8675",0.043153382883087,0.465951660874019,"1"
"1035","118","12852",0.0506519828015306,0.613770735866019,"1"
"1036","118","12957",0.0940063567342485,0.671304242443819,"3"
"1037","118","21208",0.0779769045095159,0.685540174450244,"3"
"1038","118","21301",0.0792459964562333,0.789727537172762,"3"
"1039","118","31133",0.0623050226884468,0.533161032388538,"1"
"1040","118","32693",0.0679367061488534,0.623061806909258,"3"
"1041","119","1728",0.0207460638370205,0.482869779335483,"1"
"1042","119","3138",0.0848644924660309,0.386974790165941,"2"
"1043","119","10191",0.020060933394631,0.605756918106627,"1"
"1044","119","18072",0.0155531063318308,0.463969618777807,"1"
"1045","119","19625",0.0222178649662728,0.505563787642378,"1"
"1046","119","20418",0.0223072295506515,0.530137273567771,"1"
"1047","119","23524",0.0142046360679593,0.352169365399648,"2"
"1048","119","29577",0.022125318686344,0.592407719839895,"1"
"1049","119","31914",0.0300644775034953,0.541011942196337,"1"
"1050","119","32240",0.031851012558999,0.535491738092259,"1"
"1051","120","652",0.0143127953448559,0.519694741602,"1"
"1052","120","1292",0.0109603374297139,0.563567644143492,"1"
"1053","120","5391",0.0217796865078225,0.560834238878692,"1"
"1054","120","9752",0.020270141465461,0.534637786067195,"1"
"1055","120","15770",0.017655925510062,0.509917475328912,"1"
"1056","120","17315",0.023904510514864,0.566721739594329,"1"
"1057","120","19483",0.015709444604682,0.410973498033031,"2"
"1058","120","21734",0.016713770429978,0.543544184993474,"1"
"1059","120","28932",0.043523136002601,0.52391871602245,"1"
"1060","120","29941",0.0154849966842875,0.747500374637481,"3"
"1061","122","7309",0.0180000894860384,0.534790674626618,"1"
"1062","122","13936",0.0171358442305979,0.481594859421329,"1"
"1063","122","17506",0.0209596860104529,0.58451537054817,"1"
"1064","122","20881",0.0330211322623993,0.418041623833584,"2"
"1065","122","21920",0.173249126177973,0.81148905744641,"3"
"1066","122","25015",0.0239654138982714,0.577682969857992,"1"
"1067","122","25031",0.051195676338029,0.604802734523756,"1"
"1068","122","25525",0.0364551895546678,0.997291762721175,"3"
"1069","122","25854",0.0264731535330893,0.47616481597849,"1"
"1070","122","26937",0.0523592853424569,0.59787369098004,"1"
"1071","123","840",0.012622348876147,0.488883878892891,"1"
"1072","123","1191",0.0438477495246299,0.551330184363242,"1"
"1073","123","10230",0.00943294719316633,0.640141980015195,"3"
"1074","123","13891",0.0118424667277635,0.407135826313228,"2"
"1075","123","14356",0.0103128330905045,0.578718836481796,"1"
"1076","123","15335",0.0140240677076722,0.56688735908071,"1"
"1077","123","19532",0.014980720859932,0.528329848138984,"1"
"1078","123","20225",0.0124624555129794,0.466097341947548,"1"
"1079","123","29880",0.0136829863154245,0.536866690658684,"1"
"1080","123","30803",0.016904472174551,0.450614773036212,"1"
"1081","124","646",0.0189083706621517,0.471209214783986,"1"
"1082","124","1255",0.0104343700976209,0.574433667029357,"1"
"1083","124","6145",0.0125185307932468,0.373838419083016,"2"
"1084","124","10461",0.0315566556971108,0.529578090723862,"1"
"1085","124","16172",0.0172894240113561,0.554164517357198,"1"
"1086","124","23062",0.0181737124526137,0.544989868434133,"1"
"1087","124","27406",0.0182838690118647,0.589722344259517,"1"
"1088","124","27795",0.0180929797687853,0.49219778446136,"1"
"1089","124","27989",0.0163559129158515,0.558479000916339,"1"
"1090","124","29583",0.0135473249279033,0.559264135657996,"1"
"1091","125","4265",0.0148090931296223,0.468472992271199,"1"
"1092","125","6928",0.0183627470335987,0.615183130664863,"1"
"1093","125","13595",0.015911270854897,0.492439534629556,"1"
"1094","125","14740",0.0158938833389107,0.611432791098621,"1"
"1095","125","17820",0.0156961836365905,0.568911092741771,"1"
"1096","125","25863",0.0198166838235203,0.60923633526034,"1"
"1097","125","27182",0.0160023667166423,0.415964784952193,"2"
"1098","125","28958",0.0152772122898641,0.549924738079209,"1"
"1099","125","28963",0.0162767011723778,0.525687376933467,"1"
"1100","125","32249",0.0151622763908392,0.526784839416371,"1"
"1101","126","545",0.0563423122904613,0.743488854088932,"3"
"1102","126","2119",0.0431837147038694,0.416588426489048,"2"
"1103","126","6076",0.134493669765505,0.494333247200596,"1"
"1104","126","11499",0.096275672022071,0.550727146359143,"1"
"1105","126","12666",0.0588503546775455,0.575248335707442,"1"
"1106","126","13529",0.252354586701773,0.513729855089346,"4"
"1107","126","14976",0.0779122473383081,0.550198582208307,"1"
"1108","126","23503",0.228010189575081,0.607371389958294,"4"
"1109","126","29171",0.132926753542012,0.46099026011077,"1"
"1110","126","29906",0.198355427168096,0.450019931180028,"4"
